Index,Bar,Type,Adresse,Code Postal,Quartier,Pays,Latitude,Longitude,Consommateur,Prix,Note,Commentaire AR,Commentaire VB,Latitude,Longitude,,
0,‘t Stopsel,,Kuregemstraat 18 1831 Diegem,1831,Diegem,Belgique,,,,,,,,,
1,1030 Café,,"Jan Stobbaertslaan , 100 1030 Schaerbeek",1030,Schaerbeek,Belgique,,,,,,,,,
2,123 rue Royale,,Rue Royale 123,1000,Bruxelles,Belgique,,,,,,,,,
3,13 Degrés,,Place Jourdan 49,1040,Etterbeek,Belgique,,,,,,,,,
4,36 Baronomie,,Avenue de Woluwé Saint-Lambert 36,1200,Woluwé-Saint-Lambert,Belgique,,,,,,,,,
5,A l'Imaige Nostre-Dame,,"Rue du Marché aux Herbes, 3",1000,Bruxelles,Belgique,,,,,,,,,
6,À La Bécasse,,"Taborastraat, 11 1000 Bruxelles",1000,Bruxelles,Belgique,,,,,,,,,
7,À la Mort Subite,,Rue Mtgn Herbes Potagères 1000 Bruxelles,1000,Bruxelles,Belgique,,,,,,,,,
8,A.M. Sweet,,"Rue des Chartreux, 4 1000 Bruxelles",1000,Bruxelles,Belgique,,,,,,,,,
9,Affligem Café,,"Boulevard Anspach, 81 1000 Bruxelles",1000,Bruxelles,Belgique,,,,,,,,,
10,Ah Non peut-être,,Rue de la Croix de Fer 40,1000,Bruxelles,Belgique,,,,,,,,,
11,Alice Cocktail Bar,,Avenue Louise 190,1000,Bruxelles,Belgique,,,,,,,,,
12,Alice Restaurant & Cocktail Bar,,"Louizalaan, 190 1050 Ixelles",1050,Ixelles,Belgique,,,,,,,,,
13,Amalgame,,"Rue des Pierres, 45 1000 Bruxelles",1000,Bruxelles,Belgique,,,,,,,,,
14,Arion Cafe,,Rue Dejoncker 54 Place Stephanie,1060,Saint-Gilles,Belgique,,,,,,,,,
15,Arthur Orlans - Cocktails & Tailoring,,"Rue Antoine Dansaert, 67 1000 Bruxelles",1000,Bruxelles,Belgique,,,,,,,,,
16,Au Bassin,Bar,Quai aux Briques 1000 Bruxelles,1000,Bruxelles,Belgique,,,VB,2,5,,,,
17,Au Bois d’Ebène,,Bd du Midi 122,1000,Bruxelles,Belgique,,,,,,,,,
18,Au Brasseur,,rue des Chapeliers 9 ,1000,Bruxelles,Belgique,,,,,,,,,
19,Au Daringman,,Rue de Flandre 37,1000,Bruxelles,Belgique,,,,,,,,,
20,Au Soleil,,Rue du Marché au Charbon 86,1000,Bruxelles,Belgique,,,,,,,,,
21,AuBallon,Bar,"Pl. Saint-Denis 1, 1190 Forest",1190,Forest,Belgique,,,AR,2,2,,,,
22,Authentic gueuze,,"Rue Gheude, 56-58 1070 Anderlecht",1070,Anderlecht,Belgique,,,,,,,,,
23,B'artist Café,,"Rue du Châtelain, 17 1000 Bruxelles",1000,Bruxelles,Belgique,,,,,,,,,
24,Babel,,Place de la Liberté 1,1000,Bruxelles,Belgique,,,,,,,,,
25,Banco Bar,,"Rue du Bailli, 79 1050 Ixelles",1050,Ixelles,Belgique,,,,,,,,,
26,Bar 77,,Av. de la Couronne 437,1050,Ixelles,Belgique,,,VB,1,2,,"Festifs, étudiant mais rien de spécial",,
27,Bar de la Victoire,,Rue de la Victoire 41 1060 Saint Gilles,1060,Saint-Gilles,Belgique,,,VB,,,,,,
28,Bar des Amis,Bar,"Rue Sainte-Catherine, 30 1000 Bruxelles",1000,Bruxelles,Belgique,,,VB,,,,,,
29,Bar du Gaspi,,"Chaussée de Haecht, 309 1030 Schaerbeek",1030,Schaerbeek,Belgique,,,,,,,,,
30,Bar du Marché,Bar à cocktails,"Rue Alphonse De Witte, 12 1050 Ixelles",1050,Ixelles,Belgique,,,VB,3,4,,,,
31,Bar Eliza,,Parc Elisabeth,1081,Koekelberg,Belgique,,,,,,,,,
32,Bar Magritte,,Vruntstraat 1000 Bruxelles,1000,Bruxelles,Belgique,,,,,,,,,
33,Bar Rouge,,"Rue de Louvain, 12 1000 Bruxelles",1000,Bruxelles,Belgique,,,,,,,,,
34,Barabar,,Chau. de Waterloo 862,1180,Uccle,Belgique,,,VB,,,,,,
35,BarBeton,,"Rue Antoine Dansaert, 114 1000 Bruxelles",1000,Bruxelles,Belgique,,,,,,,,,
36,Baroque Café,,"Rue du Marché au Charbon, 44",1000,Bruxelles,Belgique,,,,,,,,,
37,Barrio,,"Place de la Chapelle, 6 1000 Bruxelles",1000,Bruxelles,Belgique,,,,,,,,,
38,Barsey Restaurant & Lounge,,"Avenue Louise, 381 383 1050 Ixelles",1050,Ixelles,Belgique,,,,,,,,,
39,BBP Bailli,Bar,Rue du Bailli 1/A,1000,Bruxelles,Belgique,,,VB,,,,,,
40,Beautiful People,,Beautiful People 1000 Bruxelles,1000,Bruxelles,Belgique,,,,,,,,,
41,Beer Capital Brussels,,Bd Anspach 89,1000,Bruxelles,Belgique,,,VB,,,,,,
42,Beerbar 1180,,"Rue Gabrielle, 37 1180 Uccle",1180,Uccle,Belgique,,,,,,,,,
43,Beers Bank,Bar,Place Jourdan 34,1040,Etterbeek,Belgique,,,ALL,2,4,,,,
44,Belga Queen,,Rue du Fossé aux Loups 32,1000,Bruxelles,Belgique,,,,,,,,,
45,Belladone,,Rue Moris 17 A,1060,Saint-Gilles,Belgique,,,,,,,,,
46,Benelux,,Petite rue des Bouchers 6,1000,Bruxelles,Belgique,,,,,,,,,
47,Beurscafé,,Rue Auguste Orts 1000 Bruxelles,1000,Bruxelles,Belgique,,,,,,,,,
48,Bier Central Brussels,,Bd Anspach 37,1000,Bruxelles,Belgique,,,VB,,,,,,
49,Bier Circus,,"Rue de l'Enseignement, 57 1000 Bruxelles",1000,Bruxelles,Belgique,,,,,,,,,
50,Bistro d’Ailleurs,,Tomberg 254,1200,Woluwe-Saint-Lambert,Belgique,,,,,,,,,
51,Bonnefooi,Café concerts,"rue des Pierres, 8 1000 Bruxelles",1000,Bruxelles,Belgique,,,ALL,2,3,,,,
52,Booze’ N Blues,Bar,"Rue des Riches Claires, 20 1000 Bruxelles",1000,Bruxelles,Belgique,,,AR,2,4,Lieu flou,,,
53,Bota Café,,"Rue Royale, 236",1210,Saint-Josse-Ten-Noode,Belgique,,,,,,,,,
54,Brasserie Cantillon,Brasserie,Rue Gheude 56,1070,Anderlecht,Belgique,,,,,,,,,
55,Brasserie CoHop,Brasserie,Chau. de Wavre 950,1040,Etterbeek,Belgique,,,VB,,,,,,
56,Brasserie de l'Ermitage,Brasserie,"Lambert Crickxstraat, 26 1070 Anderlecht",1070,Anderlecht,Belgique,,,,,,,,,
57,Brasserie de l'Union,Bar,Parvis Saint-Gilles 1060 Saint-Gilles,1060,Saint-Gilles,Belgique,50.8306508,"4.3461448,556",ALL,2,3,Allez l'Union,,,
58,Brasserie de la Mule,Brasserie,"Rue Rubens, 95 1030 Schaerbeek",1030,Schaerbeek,Belgique,,,,,,,,,
59,Brasserie de La Senne,Brasserie,"Anna Bochdreef, 19-21 1000 Bruxelles",1000,Bruxelles,Belgique,,,VB,,,,,,
60,Brasserie des Alliés,Brasserie,Rue des Châtaignes 27 1190 Forest,1190,Forest,Belgique,,,AR,2,2,,,,
61,Brasserie Europa,,Place Victor Horta 16,1060,Saint-Gilles,Belgique,,,,,,,,,
62,Brasserie iLLeGaaL,Brasserie,"Rue Bollinckx 300, 1190 Forest",1190,Forest,Belgique,,,ALL,2,5,Merci Victor pour cette découverte,,,
63,Brasserie Le Central,,"Laneauplein, 1 1090 Jette",1090,Jette,Belgique,,,,,,,,,
64,Brasserie Ommegang,Bar,Rue de la Montagne 4,1000,Bruxelles,Belgique,,,VB,3,2,,Pour les touristes,,
65,Brasserie Restaurant Les Trappistes,,"Chaussée de Gand, 408",1080,Molenbeek-Saint-Jean,Belgique,,,,,,,,,
66,brasserie restaurant North express,,"Vooruitgangstraat, 80 1030 Schaarbeek",1030,Schaerbeek,Belgique,,,,,,,,,
67,Brasserie Surréaliste,Brasserie,"Nieuwe Graanmarkt, 23 1000 Bruxelles",1000,Bruxelles,Belgique,,,VB,2,5,,"Beaucoup de place, bonne bières",,
68,Brasserie Verschueren,,"Parvis Saint-Gilles, 11",1060,Saint-Gilles,Belgique,,,,,,,,,
69,BrewDog,,"Putterie, 20 1000 Bruxelles",1000,Bruxelles,Belgique,,,,,,,,,
70,Broadway,,Rue Artan 54,1030,Schaerbeek,Belgique,,,,,,,,,
71,Brusilia Tavern,,Ave Louis Bertrand 127,1030,Schaerbeek,Belgique,,,,,,,,,
72,Bruxelles Beer Project,Brasserie,Rue Antoine Dansaert 188 1000 Bruxelles,1000,Bruxelles,Belgique,,,VB,,,,,,
73,C’est Ma Tournée,,"Rue du Lombard, 2 1000 Bruxelles",1000,Bruxelles,Belgique,,,,,,,,,
74,Cabaret Mademoiselle,Cabaret,"Rue du Marché au Charbon, 53",1000,Bruxelles,Belgique,,,ALL,2,5,,,,
75,Café Archipel,,Rue du Marché aux Poulets 1000 Bruxelles,1000,Bruxelles,Belgique,,,,,,,,,
76,Café Bastoche,,Chau. de Boondael 473,1050,Ixelles,Belgique,,,VB,,,,,,
77,Cafe Bebo,,Avenue de Stalingrad 2,1000,Bruxelles,Belgique,,,,,,,,,
78,Café Belga,Bar,"Place Eugène Flagey, 18 1050 Ixelles",1050,Ixelles,Belgique,,,VB,2,4,,"Meilleure terrasse d'Ixelles, face aux étangs. Très fréquenté",,
79,Café Bizon,,"Rue du Pont de la Carpe, 7 1000 Bruxelles",1000,Bruxelles,Belgique,,,,,,,,,
80,Café Bocage,,"Place Maurice Van Meenen, 35 A",1060,Saint-Gilles,Belgique,,,,,,,,,
81,Café Bota,,Rue Royale 236,1210,Saint-Josse-ten-Noode,Belgique,,,,,,,,,
82,Café Caberdouche,,"Place de la Liberté, 8 1000 Bruxelles",1000,Bruxelles,Belgique,,,,,,,,,
83,Café Central,Café concerts,Rue Borgval 14 1000 Bruxelles,1000,Bruxelles,Belgique,,,AR,2,4,,,,
84,Cafe Charbon,,"Rue du Marché au Charbon, 99 1000 Bruxelles",1000,Bruxelles,Belgique,,,,,,,,,
85,Café Club,,Rue de l'Aqueduc 109,1050,Ixelles,Belgique,,,VB,,,,,,
86,Café de la Presse,,"Avenue Louise, 493 1050 Ixelles",1050,Ixelles,Belgique,,,,,,,,,
87,Café Delune,,"Kartuizersstraat, 7 1000 Bruxelles",1000,Bruxelles,Belgique,,,,,,,,,
88,Café Des Halles Saint-Géry,Halles,"Pl. Saint-Géry 1, 1000 Bruxelles",1000,Bruxelles,Belgique,,,ALL,2,4,Lieu sympa et bien placé,Lieu festif et central. Dj set certains week end,,
89,Café Des Minimes,Horeca,"Minimenstraat, 60 1000 Bruxelles",1000,Bruxelles,Belgique,,,VB,,,,,,
90,Café du Sablon,,"Rue de la Régence, 26 1000 Bruxelles",1000,Bruxelles,Belgique,,,,,,,,,
91,Café Excelsior Jette,,"Rue de l'Eglise St-Pierre, 8-10 1090 Jette",1090,Jette,Belgique,,,,,,,,,
92,Café Flora,,"Sint-Gillisvoorplein, 16A 1000 Bruxelles",1000,Bruxelles,Belgique,,,,,,,,,
93,Café Floréo,,"Rue des Riches Claires, 19 1000 Bruxelles",1000,Bruxelles,Belgique,,,,,,,,,
94,Café Joyeux: professional meeting space included !,,"Vootstraat, 32 1200 Woluwe-Saint-Lambert",1200,Woluwe-Saint-Lambert,Belgique,,,,,,,,,
95,Café Jupiter,,Rue des Fabriques 72 1000 Bruxelles,1000,Bruxelles,Belgique,,,,,,,,,
96,Café La Biche,,Pl. Maurice van Meenen 1 1060 Saint Gilles,1060,Saint-Gilles,Belgique,,,,,,,,,
97,Café La Brocante,,"Rue Blaes, 170 1000 Bruxelles",1000,Bruxelles,Belgique,,,,,,,,,
98,Café La Pompe,Bar,"Chau. de Waterloo 211, 1060 Bruxelles",1060,Bruxelles,Belgique,,,ALL,2,4,ça démarre fort,,,
99,Café le Cirio,,"Beursstraat, 18 1000 Bruxelles",1000,Bruxelles,Belgique,,,,,,,,,
100,Café Le Coq,Bar,"Rue Auguste Orts, 14 1000 Bruxelles",1000,Bruxelles,Belgique,,,VB,,,,,,
101,Café Luxembourg,Bar,Place du Luxembourg 10 1050	Ixelles,1050,Ixelles,Belgique,,,VB,2,3,,"Bar de Plux, rien de fou",,
102,Café Maison du Peuple,,"Parvis Saint-Gilles, 39 1060 Saint-Gilles",1060,Saint-Gilles,Belgique,,,,,,,,,
103,Café Merlo,,Quai aux Briques 80 1000	Bruxelles,1000,Bruxelles,Belgique,,,,,,,,,
104,Café Novo,,"P d Vieille Halle aux Blés, 37 1000 Bruxelles",1000,Bruxelles,Belgique,,,,,,,,,
105,Café Pastel,,Rue de Rollebeek 2 1000 Bruxelles,1000,Bruxelles,Belgique,,,,,,,,,
106,Café Roskam,,"Rue de Flandre, 9 1000 Bruxelles",1000,Bruxelles,Belgique,,,,,,,,,
107,Café Tulipant,Bar,"Place Fernand Cocq, 25 1050 Ixelles",1050,Ixelles,Belgique,,,VB,2,4,,,,
108,Café Walvis,,"Antoine Dansaertstraat, 209 1000 Bruxelles",1000,Bruxelles,Belgique,,,,,,,,,
109,Caffe Al Dente,,"Rue du Doyenné, 85 - 87 1180 Uccle",1180,Uccle,Belgique,,,,,,,,,
110,Cartagena Salsa Bar,,"Rue du Marché au Charbon, 70 1000 Bruxelles",1000,Bruxelles,Belgique,,,,,,,,,
111,Casa Sablon,,Rue Sainte-Anne 38,1000,Bruxelles,Belgique,,,,,,,,,
112,CASCO,Bar,Rue de la Bourse 42 1000 Bruxelles,1000,Bruxelles,Belgique,,,VB,,,,,,
113,Castro Bar,,"Rue du Marché au Charbon, 93 1000 Bruxelles",1000,Bruxelles,Belgique,,,,,,,,,
114,Cave du Roy,,Grand Place 14 1000	Bruxelles,1000,Bruxelles,Belgique,,,,,,,,,
115,Celtica,,"Rue du Marché aux Poulets, 55 1000	Bruxelles",1000,Bruxelles,Belgique,,,,,,,,,
116,Cha Man,,Parvis de Saint-Gilles 49 1060	Saint-Gilles,1060,Saint-Gilles,Belgique,,,,,,,,,
117,Chaff,,"Place du Jeu de Balle, 21 1000 Bruxelles",1000,Bruxelles,Belgique,,,,,,,,,
118,Chapeau blanc - Dancing resto & meetings,,"Wayezstraat, 200 1070 Anderlecht",1070,Anderlecht,Belgique,,,,,,,,,
119,Château Moderne,Bar,"Kunstberg, 1 1000 Bruxelles",1000,Bruxelles,Belgique,,,VB,,,,,,
120,Chemistry & Botanic’s,,Place de la Vieille Halle aux Blés 49 1000 Bruxelles,1000,Bruxelles,Belgique,,,,,,,,,
121,Cherry Bar Club,,rue de la fourche 21 1000 Bruxelles,1000,Bruxelles,Belgique,,,,,,,,,
122,Chez Adrien,,Rue Jourdan 133 1060	Saint-Gilles,1060,Saint-Gilles,Belgique,,,,,,,,,
123,Chez Bobonne,,Quai aux Barques 4 1000 Bruxelles,1000,Bruxelles,Belgique,,,,,,,,,
124,Chez Emile - Guinguettes Barc,Guinguette,"Parc Duden, 1190 Forest",1190,Forest,Belgique,,,AR,2,4,"Belle vue, beau cadre (seulement en été)",,,
125,Chez Felix,,Avenue Félix Marchal 142,1030,Schaerbeek,Belgique,,,,,,,,,
126,Chez Franz,,"Hoge-Bruggelaan, 30 1050 Ixelles",1050,Ixelles,Belgique,,,,,,,,,
127,Chez Leo,,Rue de la Cuve 2,1050,Ixelles,Belgique,,,VB,,,,,,
128,Chez Lutgarde,Bar,Rue du Rem des Moines 3,1000,Bruxelles,Belgique,,,VB,2,4,,,,
129,Chez Maman,,"Lievevrouwbroersstraat, 7 1000 Bruxelles",1000,Bruxelles,Belgique,,,,,,,,,
130,Chez Maria & Artur,,Av. des Anciens Combattants 350,1140,Evere,Belgique,,,VB,,,,,,
131,Chez Mon Ex,,"Rue de Roumanie, 2 1060 Saint-Gilles",1060,Saint-Gilles,Belgique,,,,,,,,,
132,Chez Nina,,Chau. de Boondael 93,1050,Ixelles,Belgique,,,VB,,,,,,
133,Chez Richard,,"Rue des Minimes, 2 1000 Bruxelles",1000,Bruxelles,Belgique,,,,,,,,,
134,Chicha Gusto Bar,,Rue de la fourche 18 1000 Bruxelles,1000,Bruxelles,Belgique,,,,,,,,,
135,Churchill’s,,29 Rue de l'Ecuyer 1000 Bruxelles,1000,Bruxelles,Belgique,,,,,,,,,
136,Cipiace,Bar à cocktails,Parvis de Saint-Gilles 49A,1060,Saint-Gilles,Belgique,,,ALL,2,3,"Restaurant, erreur de parcours, bien sympa ceci dit",,,
137,Claridge,,Chaussée de Louvain 24,1210,Saint-Josse-ten-Noode,Belgique,,,,,,,,,
138,Club Clan,,Rue Sainte-Anne 20 1000 Bruxelles,1000,Bruxelles,Belgique,,,,,,,,,
139,Coaster City,,Rue des Dominicains 5 1000	Bruxelles,1000,Bruxelles,Belgique,,,,,,,,,
140,Cobra,,Rue des Chartreux 1,1000,Bruxelles,Belgique,,,,,,,,,
141,Cobra Gallery/Bar,,"Rue des Chartreux, 1 1000 Bruxelles",1000,Bruxelles,Belgique,,,,,,,,,
142,Comedy Ket,,"Rue Saint-Géry, 31 1000 Bruxelles",1000,Bruxelles,Belgique,,,,,,,,,
143,Comptoir Royal,,"Rue Royal, 166 1000 Bruxelles",1000,Bruxelles,Belgique,,,,,,,,,
144,Copain,,"rue Rogier, 262 1030 Schaerbeek",1030,Schaerbeek,Belgique,,,,,,,,,
145,Coucou Bruxelles,,Mont des Arts Kunstberg 1000 Bruxelles,1000,Bruxelles,Belgique,,,,,,,,,
146,Craft Brasserie,,"Leonardo Da Vincilaan, 4 1831 Diegem",1831,Diegem,Belgique,,,,,,,,,
147,Crix Café,,"Rue de Monténégro, 44 1060 Saint-Gilles",1060,Saint-Gilles,Belgique,,,,,,,,,
148,Crystal Lounge,,"Avenue de la Toison d'Or, 40 1050 Ixelles",1050,Ixelles,Belgique,,,,,,,,,
149,Dali's Bar,,"Petite rue des Bouchers, 35 1000 Bruxelles",1000,Bruxelles,Belgique,,,,,,,,,
150,De Boerkes,,Chaussee de Dieleghem 183,1090,Jette,Belgique,,,,,,,,,
151,De Confrater,,"Boulevard Général Jacques, 263 B",1050,Ixelles,Belgique,,,,,,,,,
152,De Dolle Mol,,"Rue des Eperonniers, 52 1000 Bruxelles",1000,Bruxelles,Belgique,,,,,,,,,
153,De Haus,,"Chaussée d'Ixelles, 183 1050 Ixelles",1050,Ixelles,Belgique,,,,,,,,,
154,de Valera's,Pub,Pl. Eugène Flagey 17,1050,Ixelles,Belgique,,,ALL,2,4,Quand t'y vas avec Max c'est different ,L'endroit parfzait à Ixelles pour voir les matchs mais forte affluence,,
155,Dekkera,,"Rue Pierre Decoster, 109 1190 Forest",1190,Forest,Belgique,,,,,,,,,
156,Delirium Café,Bar,Impasse de la Fidélité 4A 1000 Bruxelles,1000,Bruxelles,Belgique,,,ALL,2,3,Un bar de légende. Un max de bières mais  un max de monde. Pour les touristes.,,,
157,Dolle Mol,,Rue des Eperonniers 52,1000,Bruxelles,Belgique,,,,,,,,,
158,"drinkdrink!
",,"Rue Paepsem 123, 1070 Bruxelles",1070,Forest,Belgique,,,,,,,,,
159,Dynamo,,Chaussée d'Alsemberg 130,1060,Saint-Gilles,Belgique,,,,,,,,,
160,Dzama Rhumerie Cocktail Lounge,,"Rue des Pigeons, 14 1000 Bruxelles",1000,Bruxelles,Belgique,,,,,,,,,
161,Edgar’s Flavors,,"Rue de la Concorde, 63 1000 Bruxelles",1000,Bruxelles,Belgique,,,,,,,,,
162,El Café,,"Av. de la Couronne, 463 1050 Ixelles",1050,Ixelles,Belgique,,,VB,,,,N'existe plus,,
163,Elis Bar,,Luitenant Graffplein 4 1780 Wemmel,1780,Wemmel,Belgique,,,,,,,,,
164,Emile Bistro,Horeca,Av. Emile de Beco 22,1050,Ixelles,Belgique,,,VB,,,,,,
165,Espérance tavern,,"Finisterraestraat, 1 1000 Bruxelles",1000,Bruxelles,Belgique,,,,,,,,,
166,Estaminet du Théâtre Royal de Toone,Estaminet,"Impasse Sainte Pétronille, 66 1000 Bruxelles",1000,Bruxelles,Belgique,,,VB,3,4,,Bar historique bruxellois -un incontournable,,
167,Etcetera,Bar,Ave Jules Malou 26 1040 Etterbeek,1040,Etterbeek,Belgique,,,VB,1,4,,Bon bar de quartier,,
168,Ethylo Cocktail Bar,,"Rue Josse Impens , 2 1030 Schaerbeek",1030,Schaerbeek,Belgique,,,,,,,,,
169,Etiquette,,Avenue Emile de Mot 19,1000,Bruxelles,Belgique,,,,,,,,,
170,Felix Bar Cafe,,Rue Félix Bovie 48,1050,Ixelles,Belgique,,,VB,,,,,,
171,Fermenterie l'Annexe,,"Rue du Métal, 19 1060 Saint-Gilles",1060,Saint-Gilles,Belgique,,,,,,,,,
172,Fin de siècle,,"Rue des Chartreux, 9 1000 Bruxelles",1000,Bruxelles,Belgique,,,,,,,,,
173,Flamingo,,"Rue de Laeken, 171 1000 Bruxelles",1000,Bruxelles,Belgique,,,,,,,,,
174,Fleur d’Orient,,Rue des Hirondelles 5 1000	Bruxelles,1000,Bruxelles,Belgique,,,,,,,,,
175,Flip,Bar,"Chaussée de Boondael, 40 1050 Ixelles",1050,Ixelles,Belgique,,,VB,1,4,,A fermé en 2025,,
176,Floris Bar,Bar,"Impasse de la Fidélité, 12 1000 Bruxelles",1000,Bruxelles,Belgique,,,VB,,,,,,
177,Floris Bar,,Imp. de la Fidélité 12 1000	Bruxelles,1000,Bruxelles,Belgique,,,VB,,,,,,
178,FOX Food Market,Horeca,Bd du Souverain 25 1170	Watermael-Boitsfort,1170,Watermael-Boitsfort,Belgique,,,VB,,,,,,
179,Frit Cocq,,Pl. Fernand Cocq 12 1050	Ixelles,1050,Ixelles,Belgique,,,VB,,,,,,
180,GC De Markten,,"Rue Vieux Marché aux Grains, 5 1000 Bruxelles",1000,Bruxelles,Belgique,,,,,,,,,
181,GC Elzenhof,,"Avenue de la Couronne, 12 1050 Ixelles",1050,Ixelles,Belgique,,,,,,,,,
182,Gimic radio & bar,,"Vossenstraat, 9 1000 Bruxelles",1000,Bruxelles,Belgique,,,,,,,,,
183,Ginette Bar Cimdix,Bar,Av. de l'Université 1 1050	Ixelles,1050,Ixelles,Belgique,,,VB,,,,,,
184,Ginette Bar Plux,Bar,Pl. du Luxembourg 5 1050	Ixelles,1050,Ixelles,Belgique,,,VB,2,3,,"Bar de Plux, rien de fou",,
185,Gist,Bar,Place de la Vieille Halle aux Blés 30 1000 Bruxelles,1000,Bruxelles,Belgique,,,VB,2,5,,De bonnes bières avec vu sur Jacques Brel,,
186,Goupil Le Fol,,"Rue de la Violette, 22 1000 Bruxelles",1000,Bruxelles,Belgique,,,,,,,,,
187,Grand Central,,Rue Belliard 190,1040,Etterbeek,Belgique,,,,,,,,,
188,Green Lab,,Avenue Louise 520,1000,Bruxelles,Belgique,,,,,,,,,
189,Gretta’s,,32 rue de la violette 1000 Bruxelles,1000,Bruxelles,Belgique,,,,,,,,,
190,Guinguette Andre,Guinguette,Parc de Laeken 1000 Bruxelles,1000,Bruxelles,Belgique,,,,,,,,,
191,Guinguette bar Jeanne,,Rouge-Cloître 1160 Auderghem,1160,Auderghem,Belgique,,,,,,,,,
192,Guinguette Gisèle,,Jardins de l'Abbaye de la Cambre,1050,Ixelles,Belgique,,,,,,,,,
193,Guinguette Henri,,Parc Georges Henri 1200	Woluwe-Saint-Lambert,1200,Woluwe-Saint-Lambert,Belgique,,,,,,,,,
194,Guinguette Maurice,Guinguette,Parc du Cinquantenaire 1000 Bruxelles,1000,Bruxelles,Belgique,,,VB,,,,,,
195,Guinguette Parc du Roi Baudouin - Bar Fabiola,,Parc Roi Baudouin 1090 Jette,1090,Jette,Belgique,,,,,,,,,
196,Gullivers Bar,,Bruxelles National Airport,1930,Nossegem,Belgique,,,,,,,,,
197,Havana,,Rue de l'Epée 4 1000 Bruxelles,1000,Bruxelles,Belgique,,,,,,,,,
198,Homoerectus by Spit It Out,,"Kolenmarkt, 5 1000 Bruxelles",1000,Bruxelles,Belgique,,,,,,,,,
199,Hoppy Loft,,Getrouwheidsgang 4A 1000 Bruxelles,1000,Bruxelles,Belgique,,,,,,,,,
200,In 't Spinnekopke,,"Place du Jardin aux fleurs, 1",1000,Bruxelles,Belgique,,,,,,,,,
201,"Inanna
",Bar,"Parv. de Saint-Gilles 14, 1060 Saint-Gilles",1060,Saint-Gilles,Belgique,,,ALL,2,3,On a appelé Basile,,,
202,Jalousy Bar,Club,Rue Haute 4 1000	Bruxelles,1000,Bruxelles,Belgique,,,VB,,,,,,
203,Jam,,"Chaussée de Charleroi, 132",1060,Saint-Gilles,Belgique,,,,,,,,,
204,James Joyce,Pub,"Rue Archimède, 34 1000 Bruxelles",1000,Bruxelles,Belgique,,,,,,,,,
205,Jane's,,"Chaussée de Waterloo, 393 1050 Ixelles",1050,Ixelles,Belgique,,,,,,,,,
206,Jardin Hospice,Guinguette,Rue du Grand Hospice 7,1000,Bruxelles,Belgique,,,VB,,,,,,
207,JORAN - Cidrothèque,Bar,Rue Jacques Jansen 3,1030,Schaerbeek,Belgique,,,VB,,,,,,
208,Jungle Rhum,,"Avenue de la Couronne, 437",1050,Ixelles,Belgique,,,,,,,,,
209,K.NO.P,,"Boulevard du Midi, 145 1000 Bruxelles",1000,Bruxelles,Belgique,,,,,,,,,
210,Kami,,"Chaussée de Waterloo, 355",1060,Saint-Gilles,Belgique,,,,,,,,,
211,KaraFun Bruxelles,,"Rue de la Vierge Noire, 12",1000,Bruxelles,Belgique,,,VB,,,,Salle privatisée de karaoké. Idéal pour soirée entre amis,,
212,Kawa,,"Boulevard du Souverain, 165",1160,Auderghem,Belgique,,,,,,,,,
213,KFK Hope,,"Rue des Poissonniers, 21",1000,Bruxelles,Belgique,,,,,,,,,
214,KFK Hope,,Rue des Poissonniers 21,1000,Bruxelles,Belgique,,,VB,,,,,,
215,Kings of Comedy Club,Comedy club,"Boondael avenue, 489 1050 Ixelles",1050,Ixelles,Belgique,,,VB,2,5,,The place to be pour voir les artistes émergents de la scène belge et de plus gros nom en rodage,,
216,Kiosk Radio,Kiosque,Pl. des Palais 10,1000,Bruxelles,Belgique,,,VB,2,5,,Kiosk Radio à longueur de journée avec un large choix d'artiste. En plein coeur du parc,,
217,Kitty O’Shea’s,,Boulevard Charlemagne 42,1000,Bruxelles,Belgique,,,,,,,,,
218,Kosmos Place,Bar,Place Jourdan 35 1040 Etterbeek,1040,Etterbeek,Belgique,,,AR,2,3,,,,
219,KWINT,,Mont des Arts 1,1000,Bruxelles,Belgique,,,,,,,,,
220,L’amere à boire,Bar,"Chaussée d’alsemberg, 1008",1180,Uccle,Belgique,,,ALL,1,5,,,,
221,L’Amère à Boire,Bar,Rue du Belvédère 8 1050 Ixelles,1050,Ixelles,Belgique,,,ALL,1,5,,,,
222,L'Amour Fou,Bar,"Chaussée d'Ixelles, 185 1050 Ixelles",1050,Ixelles,Belgique,,,VB,,,,,,
223,L'âne fou,Bar,"Rue Royale Sainte-Marie, 19",1030,Schaerbeek,Belgique,,,ALL,2,4,Déco originale,,,
224,L'âne vert,,"Rue Royale Sainte-Marie, 11",1030,Schaerbeek,Belgique,,,,,,,,,
225,L’Apéro chez Mymi,,Rue du Marais 1,1000,Bruxelles,Belgique,,,,,,,,,
226,L'Archiduc,,"rue Antoine Dansaert, 6 1000 Bruxelles",1000,Bruxelles,Belgique,,,VB,,3,,,,
227,L'ascenceur,,"Zwaardstraat, 1 1000 Bruxelles",1000,Bruxelles,Belgique,,,,,,,,,
228,L'Athénée,Bar,"Rue Jules Bouillon, 2 1050 Ixelles",1050,Ixelles,Belgique,,,VB,,,,"Superbe terrasse, bonne bières, bon prix",,
229,L’Aube sur Aÿ,,Galerie des Princes 4 bis,1000,Bruxelles,Belgique,,,,,,,,,
230,L'Autobus,,Pl. Jourdan 33,1040,Etterbeek,Belgique,,,VB,,,,,,
231,L’Ermitage,Brasserie,Rue Lambert Crickx 24-26,1070,Anderlecht,Belgique,,,,,,,,,
232,L’Ermitage,Bar,Rue de Moscou 34 1060 Saint-Gilles,1060,Saint-Gilles,Belgique,,,ALL,,,,,,
233,L’Espérance,,Rue du Finistère 1-3,1000,Bruxelles,Belgique,,,,,,,,,
234,L'Espérance (chez Bernard),Café,"Pl. Jourdan 47, 1040 Etterbeek",1040,Etterbeek,Belgique,,,ALL,2,3,,,,
235,L’Excelsior,,8-10 rue de l'Eglise Saint-Pierre 1090 Jette,1090,Jette,Belgique,,,,,,,,,
236,L’Homo Erectus Classicus,,Rue du Marché au Charbon 5,1000,Bruxelles,Belgique,,,,,,,,,
237,L'Horloge du Sud,,"Rue du Trône, 141 1050 Ixelles",1050,Ixelles,Belgique,,,,,,,,,
238,L'impasse,Bar,Pl. du Châtelain 17,1050,Ixelles,Belgique,,,VB,1,5,,Au top ! ,,
239,L’Inattendu,,Rue de Wynants 13,1000,Bruxelles,Belgique,,,,,,,,,
240,L’Omnibus,,Rue du Progrès 1210 Saint-Josse-ten-Noode,1210,Saint-Josse-ten-Noode,Belgique,,,,,,,,,
241,L'Ultime Atome,Horeca,Rue Saint-Boniface 14,1050,Ixelles,Belgique,,,VB,3,1,,"A fuire. Plat surgelé, serveur à la limite du respect",,
242,L'Unique Resto-Bar Lounge,,"Rue Edith Cavell, 98 1180 Uccle",1180,Uccle,Belgique,,,,,,,,,
243,La Bécasse,,Rue de Tabora 11 1000 Bruxelles,1000,Bruxelles,Belgique,,,,,,,,,
244,La Bodega,,Rue de Birmingham 30 ,1080,Molenbeek-Saint-Jean,Belgique,,,,,,,,,
245,La Brouette,,Grand-Place 2,1000,Bruxelles,Belgique,,,,,,,,,
246,La Callebasse,,Rue d'Alsace-Lorraine 1 1050 Ixelles,1050,Ixelles,Belgique,,,,,,,,,
247,La Cantine du Bota,,Rue Royale 236,1210,Saint-Josse-ten-Noode,Belgique,,,VB,,,,,,
248,La Diligence,Bar,Rue du Belvédère 10,1050,Ixelles,Belgique,,,VB,1,2,,"Bar karaoké, pas le plus safe pour les femmes",,
249,La Fabrique en Ville,,Bd de Waterloo 44,1000,Bruxelles,Belgique,,,VB,,,,,,
250,La Famille,,"Rue du Bailli, 84 1050 Ixelles",1050,Ixelles,Belgique,,,,,,,,,
251,La Fleur en Papier Doré,,"Cellebroersstraat, 55 1000 Bruxelles",1000,Bruxelles,Belgique,,,,,,,,,
252,La Laiterie from Josaphat Park,,Josaphat Park 1030 Schaerbeek,1030,Schaerbeek,Belgique,,,,,,,,,
253,La Licorne,,Chaussée de Forest 61,1060,Saint-Gilles,Belgique,,,,,,,,,
254,La Luck Bruxelles,,Rue Washington 74,1050,Ixelles,Belgique,,,VB,2,5,,Jeux de société à l'étage. de bon conseils de la part des game masters,,
255,La Machine,,"Place Saint-Géry, 2 1000 Bruxelles",1000,Bruxelles,Belgique,,,,,,,,,
256,La Péniche,,"Quai au Bois à Brûler, 37 1000 Bruxelles",1000,Bruxelles,Belgique,,,,,,,,,
257,La Place Art Bar,,"Place du Châtelain, 33 1050 Ixelles",1050,Ixelles,Belgique,,,,,,,,,
258,La Porte Noire,,"Rue des Alexiens, 67 1000 Bruxelles",1000,Bruxelles,Belgique,,,,,,,,,
259,La Réserve,,"Petite rue au Beurre, 2A 1000 Bruxelles",1000,Bruxelles,Belgique,,,,,,,,,
260,La Sirene,,Rue des Colonies 6 1000 Bruxelles,1000,Bruxelles,Belgique,,,,,,,,,
261,La Source Beer Co,Brasserie,"Rue Dieudonné Lefèvre, 4 1020 Laeken",1020,Laeken,Belgique,,,,,,,,,
262,La Tana,,10 rue de l'Enseignement,1000,Bruxelles,Belgique,,,,,,,,,
263,La Terrasse de l'Hippodrome,,"Chaussée de La Hulpe, 51 1180 Uccle",1180,Uccle,Belgique,,,,,,,,,
264,La touche d'ivoire,,"Rue Américaine, 121 1050 Ixelles",1050,Ixelles,Belgique,,,,,,,,,
265,La Tricoterie - Link Factory,,"Théodore Verhaegenstraat, 158",1060,Saint-Gilles,Belgique,,,,,,,,,
266,Lava café,,"Sint-Kristoffelsstraat, 20 1000 Bruxelles",1000,Bruxelles,Belgique,,,,,,,,,
267,Le 6.6.6,,Chaussée de Saint Job 666,1180,Uccle,Belgique,,,,,,,,,
268,Le Bar d’Ixelles,,Chaussée de Boondael 465,1050,Ixelles,Belgique,,,,,,,,,
269,Le Bar du matin,Bar,"Chaussée d'Alsemberg, 172 1190 Forest",1190,Forest,Belgique,,,ALL,2,4,"Bar bien situé, bonnes bières et bonne ambiance",,,
270,Le Barboteur,,"Avenue Louis Bertrand, 23",1030,Schaerbeek,Belgique,,,,,,,,,
271,Le Belgica,,"Rue du Marché au Charbon, 32",1000,Bruxelles,Belgique,,,,,,,,,
272,Le Berger Aperitivi,,"Rue du Berger, 24 1050 Ixelles",1050,Ixelles,Belgique,,,,,,,,,
273,Le Bistro,,Boulevard de Waterloo 138,1000,Bruxelles,Belgique,,,,,,,,,
274,Le Boeremet,,Rue Ropsy Chaudron 24,1070,Anderlecht,Belgique,,,,,,,,,
275,Le Boudoir,,Rue du Livourne 148 1000 Bruxelles,1000,Bruxelles,Belgique,,,,,,,,,
276,Le Bunker Ciné Théâtre,,66a rue des plantes,1210,Saint-Josse-ten-Noode,Belgique,,,,,,,,,
277,Le Canard Sauvage,,"Chaussée de La Hulpe, 194",1170,Watermael-Boitsfort,Belgique,,,,,,,,,
278,Le Carlton,,Avenue Houba de Strooper 98,1020,Bruxelles,Belgique,,,,,,,,,
279,Le Cercueil,Bar,"Rue des Harengs, 12 1000 Bruxelles",1000,Bruxelles,Belgique,,,VB,3,3,,"Devenu trop chère, mais vaut le détour pour boire dans un crane",,
280,Le Chalet Robinson,Horeca,Sentier de l'Embarcadère (Bois de la Cambre),1000,Bruxelles,Belgique,,,VB,2,5,,Sympa pour prendre un verre au milieu du bois de la Cambre. Prévoyez de la monnaie pour payer la navette,,
281,Le Chaplin,,"Rue du Noyer, 101 1000 Bruxelles",1000,Bruxelles,Belgique,,,,,,,,,
282,Le Chat Pitre,,"Rue du Tabellion, 1 1050 Ixelles",1050,Ixelles,Belgique,,,,,,,,,
283,Le Chat touille,,"Rue Tasson-Snel, 11 1060 Saint-Gilles",1060,Saint-Gilles,Belgique,,,,,,,,,
284,Le Chemin des Vignes,,Parvis Saint Pierre 5,1180,Uccle,Belgique,,,,,,,,,
285,Le Clan des Belges,Horeca,Rue de la Paix 20,1050,Ixelles,Belgique,,,VB,2,4,,"Belle terrase, séléction de plat typique belge",,
286,Le Coin du Diable,,Rue Stevin 172,1000,Bruxelles,Belgique,,,,,,,,,
287,Le Contrebande,Bar,"Place Fernand Cocq, 6 1050 Ixelles",1050,Ixelles,Belgique,,,VB,3,4,,Super bar malgré le prix des bières,,
288,Le Coq,,Rue Auguste Orts 14 1000 Bruxelles,1000,Bruxelles,Belgique,,,VB,,,,"Peu de souvenir, passage après moulte vin chaud au marché de Noël",,
289,Le Corbeau,,Rue Saint-Michel 1000 Bruxelles,1000,Bruxelles,Belgique,,,,,,,,,
290,Le Corto,Bar,"Chaussée de Boondael, 485 1050 Ixelles",1050,Ixelles,Belgique,,,VB,,,,,,
291,Le Countabalet,,"Chaussée de La Hulpe, 182",1170,Watermael-Boitsfort,Belgique,,,,,,,,,
292,Le Dali’s Bar,,Petite Rue des Bouchers 35,1000,Bruxelles,Belgique,,,,,,,,,
293,Le Daringman,,"Rue de Flandre, 37 1000 Bruxelles",1000,Bruxelles,Belgique,,,,,,,,,
294,Le Dillens,,"Julien Dillensplein, 11 1060 Saint-Gilles",1060,Saint-Gilles,Belgique,,,VB,,,,,,
295,Le Dolores,,"Rue du Marché au Charbon, 40",1000,Bruxelles,Belgique,,,,,,,,,
296,Le Fabiola,Bar à vin,Rue Lesbroussart 52,1050,Ixelles,Belgique,,,VB,,,,,,
297,Le Fellini,,Chaussée de Louvain 301 ,1210,Saint-Josse-ten-Noode,Belgique,,,,,,,,,
298,Le Flore,,"Avenue de Flore, 3-4 1000 Bruxelles",1000,Bruxelles,Belgique,,,VB,,,,,,
299,Le Gauguin,Bar,"Chaussée de Boondael, 420 1050 Ixelles",1050,Ixelles,Belgique,,,VB,,,,,,
300,le Grand Central,,"Belliard , 190 1040 Etterbeek",1040,Etterbeek,Belgique,,,,,,,,,
301,Le Griffon,,Pl. Saint-Antoine 47,1040,Etterbeek,Belgique,,,VB,,,,,,
302,Le Jardin de ma Soeur,,"Grootgodshuisstraat, 54 1000 Bruxelles",1000,Bruxelles,Belgique,,,,,,,,,
303,Le Kiosque,,Avenue des Genêts 1000 Bruxelles,1000,Bruxelles,Belgique,,,VB,,,,,,
304,Le Liberty,,"Place de la Liberté, 7 1000 Bruxelles",1000,Bruxelles,Belgique,,,,,,,,,
305,Le Louvre,,Chaussée de Waterloo 68,1060,Saint-Gilles,Belgique,,,,,,,,,
306,Le Marseillais du jeu de balle,Bar,Rue Blaes 163,1000,Bruxelles,Belgique,,,VB,,,,Large choix de Pastis,,
307,Le Melting Potes,,Rue du Belvédère 16,1050,Ixelles,Belgique,,,VB,,,,,,
308,Le Mezzo,,Rue Borgval 18 Borgwal 18 1000 Bruxelles,1000,Bruxelles,Belgique,,,,,,,,,
309,Le Millefeuille,,"Rue Léon Cuissez, 38A 1050 Ixelles",1050,Ixelles,Belgique,,,,,,,,,
310,Le Montmartre,,"Chaussée de Boondael, 344 1050 Ixelles",1050,Ixelles,Belgique,,,,,,,,,
311,Le Murmure,Bar,"Rue du Belvédère, 18 1050 Ixelles",1050,Ixelles,Belgique,,,VB,1,4,,,,
312,Le Pacific,,Rue de l'Arbre Bénit 6,1050,Ixelles,Belgique,,,,,,,,,
313,Le Pantin,Bar,"Chaussée d'Ixelles, 355 1050 Ixelles",1050,Ixelles,Belgique,,,ALL,1,4,,,,
314,Le Pavillon,,Place de la Vaillance 23,1070,Anderlecht,Belgique,,,,,,,,,
315,Le Petit Canon,Bar à vin,"Rue Lesbroussart, 91 1050 Ixelles",1050,Ixelles,Belgique,,,VB,,,,,,
316,Le Petit Lion,,Rue Haute 232 1000 Bruxelles,1000,Bruxelles,Belgique,,,,,,,,,
317,Le Petit Philou,,Rue Duquesnoy 12,1000,Bruxelles,Belgique,,,,,,,,,
318,Le Philéon,,"Avenue des Volontaires, 171",1150,Woluwe-Saint-Pierre,Belgique,,,,,,,,,
319,Le Pitch-Pin,Bar,Pl. Eugène Flagey 16,1050,Bruxelles,Belgique,,,VB,1,3,,,,
320,Le Plattesteen,,"Kolenmarkt, 41 1000 Bruxelles",1000,Bruxelles,Belgique,,,,,,,,,
321,Le Poechenellekelder,Bar,Rue du Chêne 5 Eikstraat 5 1000 Bruxelles,1000,Bruxelles,Belgique,,,VB,3,4,,,,
322,Le Refuge,,"Chaussée de Saint-Job, 668 1180 Uccle",1180,Uccle,Belgique,,,,,,,,,
323,Le Renard Bleu,,Rue Des Renards 3 1000 Bruxelles,1000,Bruxelles,Belgique,,,,,,,,,
324,Le Roi des Belges,Bar,"Rue Jules Van Praet, 35 1000 Bruxelles",1000,Bruxelles,Belgique,,,VB,,,,,,
325,Le Roy d’Espagne,Horeca,Grand place 1 1000 Bruxelles,1000,Bruxelles,Belgique,,,VB,3,3,,"Grand restaurant en plein Grand Place. Tu payes le lieu, très touristique",,
326,Le Saint-Paul,,Bd du Souverain 163,1160,Auderghem,Belgique,,,VB,,,,,,
327,Le Seventy-Five,Bar,Rue des Alexiens 75 1000 Bruxelles,1000,Bruxelles,Belgique,,,VB,,,,,,
328,Le Sportif,Bar,"Av. du Parc 77, 1060 Saint-Gilles",1060,Saint-Gilles,Belgique,,,AR,1,3,"Humble bar de quartier, parfait pour une pause bière par cher",,,
329,Le Stoefer,Bar à cocktails,Rue de l'Aqueduc 103,1050,Ixelles,Belgique,,,VB,3,4,,"Bon cocktail, personnalisable à la demande. Grande variété de GGin, Rhum, Whisky",,
330,Le Stoemelings,Bar,Place de Londres 7,1050,Ixelles,Belgique,,,VB,,,,,,
331,Le Strof,,Rue Haute 2,1000,Bruxelles,Belgique,,,VB,,,,,,
332,Le Super,,"Rue des Minimes, 26 1000 Bruxelles",1000,Bruxelles,Belgique,,,,,,,,,
333,Le Tavernier,Bar,Chaussée de Boondael 1050 Ixelles,1050,Ixelles,Belgique,,,VB,2,3,,"Bar étudiant, plutot festif en fin de semaine",,
334,Le Tigre,Bar,"Rue de la Brasserie 117, 1050 Ixelles",1050,Ixelles,Belgique,,,VB,,,,,,
335,Le TRAC,,"Rue Albert Meunier, 110",1160,Auderghem,Belgique,,,,,,,,,
336,Le Vieux Saint Josse,,Place Saint-Josse 2,1210,Saint-Josse-ten-Noode,Belgique,,,,,,,,,
337,Le Vintage,,Rue Haute 9 Hoogstraat 9 1000 Bruxelles,1000,Bruxelles,Belgique,,,,,,,,,
338,Les Gens Que J'aime,,Rue du Midi 1000 Bruxelles,1000,Bruxelles,Belgique,,,,,,,,,
339,Les Halles de Schaerbeek,,Rue Royale Sainte-Marie 1030 Schaerbeek,1030,Schaerbeek,Belgique,,,,,,,,,
340,LIB,,"Rue Antoine Dansaert, 161 1000 Bruxelles",1000,Bruxelles,Belgique,,,,,,,,,
341,Life is Beautiful,,Rue Antoine Dansaert 161 1000 Bruxelles,1000,Bruxelles,Belgique,,,,,,,,,
342,LionCity,,"Osseghemstraat, 53",1080,Molenbeek-Saint-Jean,Belgique,,,,,,,,,
343,Little Delirium,,Rue du Marché aux Fromages 7-9 1000 Bruxelles,1000,Bruxelles,Belgique,,,,,,,,,
344,Live Central Park,,"Av. des Azalées, 41 1030 Schaerbeek",1030,Schaerbeek,Belgique,,,VB,,,,,,
345,Livresse - Bar à Livres,,Rue du Marché aux Porcs 26,1000,Bruxelles,Belgique,,,,,,,,,
346,LOFT,,Rue de Namur 51,1000,Bruxelles,Belgique,,,,,,,,,
347,Lombric,,"Everardlaan, 15 1190 Forest",1190,Forest,Belgique,,,,,,,,,
348,London Bar,,Rue Auguste Orts 16,1000,Bruxelles,Belgique,,,VB,,,,,,
349,London Brasserie,,Pl. du Luxembourg 8,1050,Ixelles,Belgique,,,VB,2,3,,"Bar de Plux, rien de fou",,
350,London Calling,Pub,"Rue de Dublin, 46 1050 Ixelles",1050,Ixelles,Belgique,,,,,,,,,
351,Lord Byron,,Rue des Chartreux 1000 Bruxelles,1000,Bruxelles,Belgique,,,,,,,,,
352,LR6,,"Rue Haute, 204 1000 Bruxelles",1000,Bruxelles,Belgique,,,,,,,,,
353,Lucky Club,Bar,Av. des Saisons 92,1050,Ixelles,Belgique,,,VB,,,,LE bar pour jouer au billard - Un vrai western en plein Cimetière d'Ixelles,,
354,Maison Renardy,,"Chaussée de Wavre, 111 B 1050 Ixelles",1050,Ixelles,Belgique,,,,,,,,,
355,Mangakat Café,,"Rue Royale, 316",1210,Saint-Josse-Ten-Noode,Belgique,,,,,,,,,
356,Manneken Pis,,Rue des Grands Carmes 31-33,1000,Bruxelles,Belgique,,,,,,,,,
357,Mappa Mundo,,Rue du Pont de la Carpe 2 1000 Bruxelles,1000,Bruxelles,Belgique,,,VB,,,,,,
358,Market of Place Flagey,,Place Flagey 1050 Ixelles,1050,Ixelles,Belgique,,,VB,,,,,,
359,Market of Place Van Meenen,,Place Van Meenen 1060 Saint-Gilles,1060,Saint-Gilles,Belgique,,,,,,,,,
360,Maxburg Café,,"Rue Stevin, 108 1000	Bruxelles",1000,Bruxelles,Belgique,,,,,,,,,
361,Mazette,,"Place du Jeu de Balle, 50 1000 Bruxelles",1000,Bruxelles,Belgique,,,,,,,,,
362,MelKafé,,"Avenue Georges Henri, 300",1200,Woluwe-Saint-Lambert,Belgique,,,,,,,,,
363,Meltdown Brussels,,Av. de l'Université 3 1050	Ixelles,1050,Ixelles,Belgique,,,VB,,,,"Bar de geek (jeux vidéos, retransmission e-sport, etc)",,
364,Michael Collins,,"Rue du Bailli, 1 1000 Bruxelles",1000,Bruxelles,Belgique,,,,,,,Ancien nom du BBP Bailli,,
365,Moeder Lambic Fontainas,Bar,"Place Fontainas, 8 1000 Bruxelles",1000,Bruxelles,Belgique,,,VB,2,4,,Chouette place,,
366,Moeder Lambic Original,Bar,"Rue de Savoie, 68 1060 Saint-Gilles",1060,Saint-Gilles,Belgique,,,ALL,2,4,,,,
367,Moka - Coffee & Pastry,,"Rue des Riches Claires, 5 1000 Bruxelles",1000,Bruxelles,Belgique,,,,,,,,,
368,Monk,,"Rue Sainte Catherine, 42 1000 Bruxelles",1000,Bruxelles,Belgique,,,,,,,,,
369,Mood Bar,,Rue Voot 16 1200 Woluwe-Saint-Lambert,1200,Woluwe-Saint-Lambert,Belgique,,,,,,,,,
370,Muntpunt Café,,"rue Léopold , 2 1000 Bruxelles",1000,Bruxelles,Belgique,,,,,,,,,
371,Murphy’s Law,,Midi Gare 1060 Bruxelles,1060,Bruxelles,Belgique,,,,,,,,,
372,New Plasky,,Square Eugène Plasky 91,1030,Schaerbeek,Belgique,,,,,,,,,
373,Non Peut-être,,Rue de Dublin 44,1050,Ixelles,Belgique,,,,,,,,,
374,O'Regua,Pub,Chau. de Boondael 26,1050,Ixelles,Belgique,,,VB,,,,,,
375,O'Reilly's,Bar,Place de la Bourse 1 1000 Bruxelles,1000,Bruxelles,Belgique,,,VB,2,4,,Super endroit pour voir les matchs,,
376,P'tit café,,Rue des Renards 1C,1000,Bruxelles,Belgique,,,VB,,,,,,
377,Païdia,,Chaussée de Wavre 2057,1160,Auderghem,Belgique,,,,,,,,,
378,Palette Wine Bar,,"Rue des Alexiens, 73 1000 Bruxelles",1000,Bruxelles,Belgique,,,,,,,,,
379,Pam Pam,,Rue de l'Aqueduc 111,1050,Ixelles,Belgique,,,VB,,,,,,
380,Parents Terribles,,"Chaussée de Waterloo, 203",1060,Saint-Gilles,Belgique,,,,,,,,,
381,Parlor Coffee,,"Chaussée de Charleroi, 203 1060 Saint-Gilles",1060,Saint-Gilles,Belgique,,,,,,,,,
382,Parvis de Saint-Gilles market,,Parvis de Saint Gilles 1060 Saint-Gilles,1060,Saint-Gilles,Belgique,,,,,,,,,
383,Pentahotel Bruxelles City Centre,,Chaussée de Charleroi 38,1060,Saint-Gilles,Belgique,,,,,,,,,
384,Pepete & Ronron,Bar à vin,"Rue Léon Lepage, 53 1000 Bruxelles",1000,Bruxelles,Belgique,,,VB,,,,,,
385,Pepete & Ronron,Bar à vin,"Place du Châtelain, 33",1050,Ixelles,Belgique,,,VB,,,,,,
386,Pepete & Ronron,Bar à vin,"Rue Froissart, 1",1040,Etterbeek,Belgique,,,,,,,,,
387,Pharmacie Anglaise,Bar à cocktails,Coudenberg 66 Koudenberg 66 1000 Bruxelles,1000,Bruxelles,Belgique,,,VB,3,4,,Cockail bon mais chère. Le lieu est surprenant,,
388,Pianocktail,,Rue Haute 304,1000,Bruxelles,Belgique,,,,,,,,,
389,Picpoul,,"Avenue Oscar Van Goidtsnoven , 100",1190,Forest,Belgique,,,,,,,,,
390,Planchette - Wine Bar,Bar à vin,Pl. Saint-Antoine 18,1040,Etterbeek,Belgique,,,VB,,,,,,
391,Planet Cocktails,,Rue du Marché aux Fromages 18,1000,Bruxelles,Belgique,,,,,,,,,
392,Play Label Rooftop,,Bowling Crosly Rue des Alexiens 97,1000,Bruxelles,Belgique,,,,,,,,,
393,Playground,,"Rue Washington, 76 1050 Ixelles",1050,Ixelles,Belgique,,,,,,,,,
394,Plein Publiek,,Mont des Arts 5,1000,Bruxelles,Belgique,,,VB,,,,,,
395,Plumette,,Rue de l'Epée 26 1000 Bruxelles,1000,Bruxelles,Belgique,,,,,,,,,
396,Poechenellekelder,Bar,"Rue du Chêne, 5 1000 Bruxelles",1000,Bruxelles,Belgique,,,VB,3,5,,Bar historique en face du Manneken Piss. Décor digne d'un musée,,
397,Point Bar,,Rue du Pépin 39,1000,Bruxelles,Belgique,,,,,,,,,
398,Pois Chiche,,"Kapellemarkt, 15 1000 Bruxelles",1000,Bruxelles,Belgique,,,,,,,,,
399,POP UP Sablon,,Place du Grand Sablon 15 16,1000,Bruxelles,Belgique,,,,,,,,,
400,Potiche Cabaret - Bar,,"Korte Boterstraat, 10 1000 Bruxelles",1000,Bruxelles,Belgique,,,,,,,,,
401,Public House 12,,Pl. de Londres 12,1050,Ixelles,Belgique,,,VB,,,,,,
402,Pullman,,Pl. du Luxembourg 12,1050,Ixelles,Belgique,,,VB,2,3,,,,
403,Python,,Avenue Emile Max 55 1030 Schaerbeek,1030,Schaerbeek,Belgique,,,,,,,,,
404,Quai Des Bananes,,28 Rue Des Pierres 1000 Bruxelles,1000,Bruxelles,Belgique,,,,,,,,,
405,Quartier Léopold,Bar,"Place du Luxembourg, 9 1050 Ixelles",1050,Ixelles,Belgique,,,VB,2,3,,"Bar de Plux, rien de fou",,
406,Rainbowhouse,,"Rue du Marché au Charbon, 42 1000 Bruxelles",1000,Bruxelles,Belgique,,,,,,,,,
407,Recyclart,,Rue de Manchester 13/15,1080,Molenbeek-Saint-Jean,Belgique,,,VB,1,4,,Lieu d'expo et concerts,,
408,Red Monkey,,"Rue de l'Aqueduc, 109 1050 Ixelles",1050,Ixelles,Belgique,,,,,,,,,
409,Residence Palace Brasserie,,"Rue de la Loi 155, 1000 Bruxelles",1000,Bruxelles,Belgique,,,,,,,,,
410,Restaurant Bar 142,,Rue Philippe Baucq 142,1040,Etterbeek,Belgique,,,VB,,,,,,
411,RITCS Cinema,,"Rue Antoine Dansaert, 70 1000 Bruxelles",1000,Bruxelles,Belgique,,,,,,,,,
412,Rock Classic Bar,,"Rue du Marché au Charbon, 55 1000 Bruxelles",1000,Bruxelles,Belgique,,,,,,,,,
413,Rooster’s,,Rue Grétry 79 1000 Bruxelles,1000,Bruxelles,Belgique,,,,,,,,,
414,Roxi,,"Rue du Bailli, 82 1050 Ixelles",1050,Ixelles,Belgique,,,,,,,,,
415,Rubis,,"Avenue Adolphe Demeur, 34 1060 Saint-Gilles",1060,Saint-Gilles,Belgique,,,,,,,,,
416,Ruck ‘n Maul,,Bd Du Triomphe 52 1160 Auderghem,1160,Auderghem,Belgique,,,,,,,,,
417,S-Bar,,650 chaussée de Louvain,1030,Schaerbeek,Belgique,,,,,,,,,
418,Sake Bar Bruxelles,,"Rue Juste Lipse, 17 1040 Etterbeek",1040,Etterbeek,Belgique,,,,,,,,,
419,Sauna Macho,,"Rue du Marché au Charbon, 106",1000,Bruxelles,Belgique,,,,,,,,,
420,Sazz N Jazz,,Boulevard Bischoffsheim 38B,1000,Bruxelles,Belgique,,,,,,,,,
421,Scott's Bar,,"Warmoesberg, 2 1000 Bruxelles",1000,Bruxelles,Belgique,,,,,,,,,
422,Scott’s Cafe-Bar,,Rue Montagne aux Herbes Potagères 2 1000 Bruxelles,1000,Bruxelles,Belgique,,,,,,,,,
423,Sky Bar 58,,"Bruxelles, Région de Bruxelles-Capitale",1000,Bruxelles,Belgique,,,,,,,,,
424,Skylab,,"Quai au Bois à Brûler, 9 1000 Bruxelles",1000,Bruxelles,Belgique,,,,,,,,,
425,Smoods,,Rue Royale 250,1210,Saint-Josse-ten-Noode,Belgique,,,,,,,,,
426,Sounds Jazz Club,,"Tulpstraat, 28 1050 Ixelles",1050,Ixelles,Belgique,,,,,,,,,
427,Sphinx,,Rue du Marché aux Fromages 20,1000,Bruxelles,Belgique,,,,,,,,,
428,Stam,,Rue Bouré 1 1050 Ixelles,1050,Ixelles,Belgique,,,,,,,,,
429,Stammbar,,"Rue du Marché au Charbon, 114",1000,Bruxelles,Belgique,,,,,,,,,
430,Station BXL,,Rue du Marché au Charbon 1000 Bruxelles,1000,Bruxelles,Belgique,,,,,,,,,
431,Supra Bailly,Bar,Rue du Bailli 77 1050 Ixelles,1050,Ixelles,Belgique,,,VB,,,,,,
432,TANDEM fiets | café | vélo,,"Avenue des Arts, 7",1210,Saint-Josse-Ten-Noode,Belgique,,,,,,,,,
433,Tapas@atelier,,Tour Et Taxis Avenue Du Port 86c,1000,Bruxelles,Belgique,,,,,,,,,
434,Tarzan,Bar à vin,"Rue Washington, 59 1050 Ixelles",1050,Ixelles,Belgique,,,VB,2,5,,"Bon vin, bonne bouffe",,
435,Taverne Diamant,,Avenue Léon Mahillon 60-62,1030,Schaerbeek,Belgique,,,,,,,,,
436,Taverne La Chasse,,Chau. de Wavre 667,1040,Etterbeek,Belgique,,,VB,,,,,,
437,Taverne Liedts,,Place Liedts 29/A,1030,Schaerbeek,Belgique,,,,,,,,,
438,The Avocado Show,,Boulevard Anspach 66,1040,Bruxelles,Belgique,,,,,,,,,
439,The Bank,,Rue du Bailli 79,1050,Ixelles,Belgique,,,VB,,,,,,
440,The Beer Factory,Bar,Pl. du Luxembourg 6,1050,Ixelles,Belgique,,,VB,2,3,,Tu penses que tu vas avoir un large choix de bière quand tu vois le nom du bar : C'est FAUX,,
441,The BeerLab Rooftop,Bar,"Bd Anspach 80, 1000 Bruxelles",1000,Bruxelles,Belgique,,,AR,2,4,Touristique mais sympa la vue,,,
442,The Beers Garden,,Pl. Sainte-Catherine 5/7,1000,Bruxelles,Belgique,,,VB,,,,,,
443,The Big Game,,Rue Henri Maus 5-7 1000 Bruxelles,1000,Bruxelles,Belgique,,,,,,,,,
444,The Black Sheep,Pub,Chau. de Boondael 8,1050,Ixelles,Belgique,,,VB,,,,,,
445,The Crazy Circle,,"Rue du Prince Royal, 11 1050 Ixelles",1050,Ixelles,Belgique,,,,,,,,,
446,The First,Brasserie,"Pl. Jourdan 42, 1040 Etterbeek",1040,Etterbeek,Belgique,,,ALL,2,3,,,,
447,The Gossip,,"Rue Ernest Solvay, 10 1050 Ixelles",1050,Ixelles,Belgique,,,,,,,,,
448,The Green Man Bar,,"Rue des chapeliers , 20 1000 Bruxelles",1000,Bruxelles,Belgique,,,,,,,,,
449,The Hairy Canary,,Rue Archimede 12,1000,Bruxelles,Belgique,,,,,,,,,
450,The Jars of BELvue,,"Place des Palais, 7 1000 Bruxelles",1000,Bruxelles,Belgique,,,,,,,,,
451,The Meeting Point,,Rue du Taciturne 39 1000 Bruxelles,1000,Bruxelles,Belgique,,,,,,,,,
452,The Modern Alchemist,,"Avenue Adolphe Demeur, 55 1060 Saint-Gilles",1060,Saint-Gilles,Belgique,,,,,,,,,
453,The Network,,Pl. du Luxembourg 10,1050,Ixelles,Belgique,,,VB,2,3,,"Bar de Plux, rien de fou",,
454,The New Break,,Rue Ravenstein 8,1000,Bruxelles,Belgique,,,,,,,,,
455,The News Bar,,"Boulevard Charlemagne, 11 1000 Bruxelles",1000,Bruxelles,Belgique,,,,,,,,,
456,The Old Oak,,"Rue Franklin, 26 1000 Bruxelles",1000,Bruxelles,Belgique,,,,,,,,,
457,The Pentalounge,,"Charleroise Steenweg, 38 1060 Saint-Gilles",1060,Saint-Gilles,Belgique,,,,,,,,,
458,The People,,Avenue Toison d'OR Bruxelles,1000,Bruxelles,Belgique,,,,,,,,,
459,The Red Rabbit In  Kilt,,Rue de la Madeleine 23 1000 Bruxelles,1000,Bruxelles,Belgique,,,,,,,,,
460,"The Roof, by the 1040",,"Jourdanplein, 1 1040 Etterbeek",1040,Etterbeek,Belgique,,,,,,,,,
461,The Sister Bruxelles Café,,"Rue Chair et Pain, 3 1000 Bruxelles",1000,Bruxelles,Belgique,,,,,,,,,
462,The Sneakers Cafe,,"6, petite rue des bouchers",1000,Bruxelles,Belgique,,,,,,,,,
463,The Twelve,,"Rue de la Loi, 75 1040 Etterbeek",1040,Etterbeek,Belgique,,,,,,,,,
464,The Why Café,,Rue de Laeken 12,1000,Bruxelles,Belgique,,,,,,,,,
465,The Wild Geese,Pub,"Avenue Livingstone, 24 1000 Bruxelles",1000,Bruxelles,Belgique,,,VB,2,3,,"Bar de sport. sympa pour voir des matchs,",,
466,The Wild Rover Irish Pub & Sports Bar,Pub,Rue Joseph II 100,1000,Bruxelles,Belgique,,,VB,,,,,,
467,Tich,Café,"Rue de Namur, 25 1000 Bruxelles",1000,Bruxelles,Belgique,,,,,,,,,
468,Time Out Pub,,"Rue Auguste Orts, 32 1000 Bruxelles",1000,Bruxelles,Belgique,,,,,,,,,
469,Titulus,Bar à vin,"Chaussée de Wavre, 167a 1050 Ixelles",1050,Ixelles,Belgique,,,VB,2,5,,"Cave à vin, bonne bouffe",,
470,Toon’s Land,,Boulevard du Centenaire 20,1020,Bruxelles,Belgique,,,,,,,,,
471,Tortue,,"Rue Edith Cavell, 34 1180 Uccle",1180,Uccle,Belgique,,,,,,,,,
472,Uncle Richard’s,,Pl. de Londres 10 1050 Elsene,1050,Elsene,Belgique,,,,,,,,,
473,Velvet Club,,41 rue du Pépin 1000 Bruxelles,1000,Bruxelles,Belgique,,,,,,,,,
474,Vertigo,Bar à cocktails,"Rue de Rollebeek, 7 1000 Bruxelles",1000,Bruxelles,Belgique,,,VB,3,4,,Très bon cocktail. vaut le détour pour sa cour intérieur,,
475,Vester Bar,,"Place du Luxembourg, 13 1050 Ixelles",1050,Ixelles,Belgique,,,,,,,,,
476,Viaduc,Bar,"Rue du Viaduc, 33 1050 Ixelles",1050,Ixelles,Belgique,,,VB,1,,,Bar de quartier,,
477,Victor Bar & Restaurant,,Place Victor Horta 1 1060 Saint-Gilles,1060,Saint-Gilles,Belgique,,,,,,,,,
478,Victoria,,Avenue de la Toison d'Or 11,1050,Ixelles,Belgique,,,,,,,,,
479,Viticolo,,Rue Archimède 18,1000,Bruxelles,Belgique,,,,,,,,,
480,Waff,,"Chaussée de Boondael, 455",1050,Ixelles,Belgique,,,,,,,,,
481,Wall Street Café,,"Rue de la Loi, 17 1040 Etterbeek",1040,Etterbeek,Belgique,,,,,,,,,
482,Wiel’s Renard Noir,,Rue Haute 233,1000,Bruxelles,Belgique,,,,,,,,,
483,Wine Shack,,Rue De L'enseignement 124,1000,Bruxelles,Belgique,,,,,,,,,
484,Winehouse Osteria,,Rue de la Grande Île 42,1000,Bruxelles,Belgique,,,,,,,,,
485,Winery,,Rue des Trois Tilleuls 1,1170,Watermael-Boitsfort,Belgique,,,,,,,,,
486,Winery,,"Place Georges Brugmann, 18",1050,Ixelles,Belgique,,,,,,,,,
487,Wolf Sharing Food Market,Horeca,Rue du Fossé aux Loups 50,1000,Bruxelles,Belgique,,,VB,,,,,,
488,Woodpecker Bois de la Cambre,Kiosque,Carr des Attelages 1,1000,Bruxelles,Belgique,,,VB,,,,,,
489,Woodpecker Parc Royal,Kiosque,"Pl. des Palais 5, 1000 Bruxelles",1000,Bruxelles,Belgique,,,ALL,2,4,"Beau cadre, plein centre",,,
490,Woodpecker Parc Royal,Kiosque,Pl. des Palais 5,1000,Bruxelles,Belgique,,,VB,,,,,,
491,Xtreme,,Avenue Henri Conscience 137 1140 Evere,1140,Evere,Belgique,,,,,,,,,
492,Zanzibar,,"Rue Voot, 18 1200 Woluwe-Saint-Lambert",1200,Woluwe-Saint-Lambert,Belgique,,,,,,,,,
493,Zebra Bar,,"Place Saint-Géry, 33 34 1000 Bruxelles",1000,Bruxelles,Belgique,,,,,,,,,
494,Zoom Beer House,,Zoom Hotel Rue de la Concorde 59,1000,Bruxelles,Belgique,,,,,,,,,
495,La vieille Chéchette,,"Rue du Monténégro 2, 1060 Saint-Gilles",1060,Saint-Gilles,Belgique,,,,,,,,,
496,L'Autobus,Bar,"Pl. Jourdan 33, 1040 Etterbeek",1040,Etterbeek,Belgique,,,AR,2,3,,,,
497,Perruche,Bistro,"Rue des Alliés 113, 1190 Forest",1190,Forest,Belgique,,,AR,2,3,,,,
498,Beerstorming,Brasserie,"Chaussée d'Alsemberg 75, 1060 Saint-Gilles",1060,Saint-Gilles,Belgique,,,VB,2,4,,Microbrasserie sympatique,,

